{
  "rects": [
    {
      "x": 274,
      "y": 153.03140258789062,
      "width": 1060,
      "height": 58,
      "label": "Current-page filters for name and state",
      "color": "#ff9800"
    },
    {
      "x": 274,
      "y": 216.03359985351562,
      "width": 1060,
      "height": 130.796875,
      "label": "Agent card → detail",
      "color": "#2196f3"
    },
    {
      "x": 274,
      "y": 346.8304748535156,
      "width": 1060,
      "height": 130.796875,
      "label": "Additional enrolled registry member",
      "color": "#4caf50"
    }
  ],
  "arrows": []
}