{
  "rects": [
    {
      "x": 274,
      "y": 26.97661590576172,
      "width": 1060,
      "height": 119.81250762939453,
      "label": "Identity, role, provider, and connectivity",
      "color": "#ff9800"
    },
    {
      "x": 272,
      "y": 156.78912353515625,
      "width": 1064,
      "height": 385.703125,
      "label": "Registry identity, scope, heartbeat, capabilities, and tags",
      "color": "#2196f3"
    },
    {
      "x": 272,
      "y": 538.0558471679688,
      "width": 1064,
      "height": 192.0625,
      "label": "Worker state from runtime heartbeat",
      "color": "#9c27b0"
    },
    {
      "x": 272,
      "y": 730.1183471679688,
      "width": 1064,
      "height": 342.39056396484375,
      "label": "Inline conversations for this agent",
      "color": "#4caf50"
    }
  ],
  "arrows": []
}