{
  "rects": [
    {
      "x": 274,
      "y": 154.39039611816406,
      "width": 1060,
      "height": 58,
      "label": "Status filter for routed work",
      "color": "#ff9800"
    },
    {
      "x": 272,
      "y": 216.39039611816406,
      "width": 1064,
      "height": 116.79685974121094,
      "label": "Task cards expand inline and link to parent conversation",
      "color": "#2196f3"
    }
  ],
  "arrows": []
}