{
  "rects": [
    {
      "x": 274,
      "y": 154.39706420898438,
      "width": 1060,
      "height": 40,
      "label": "Date-range shortcuts map to /v1/usage",
      "color": "#ff9800"
    },
    {
      "x": 274,
      "y": 200.39706420898438,
      "width": 1060,
      "height": 150,
      "label": "Prompt, completion, and cost summary",
      "color": "#2196f3"
    },
    {
      "x": 274,
      "y": 354.3970642089844,
      "width": 1060,
      "height": 457.7656555175781,
      "label": "Per-conversation usage rollups from provider.response events",
      "color": "#4caf50"
    }
  ],
  "arrows": []
}