{
  "rects": [
    {
      "x": 274,
      "y": 150.93215942382812,
      "width": 1060,
      "height": 58,
      "label": "Provider selector",
      "color": "#ff9800"
    },
    {
      "x": 272,
      "y": 212.93215942382812,
      "width": 1064,
      "height": 116.796875,
      "label": "Lifecycle status for the selected provider guidance",
      "color": "#2196f3"
    },
    {
      "x": 289,
      "y": 363.2290344238281,
      "width": 1030,
      "height": 268.0000305175781,
      "label": "Draft system prompt body",
      "color": "#4caf50"
    },
    {
      "x": 289,
      "y": 632.8532104492188,
      "width": 1030,
      "height": 44,
      "label": "Preview and lifecycle actions",
      "color": "#9c27b0"
    }
  ],
  "arrows": []
}